<?xml version="1.0" encoding="UTF-8"?>
<addon 
	id="plugin.video.ekabaretpl" 
	name="ekabaret" 
	version="1.1" 
	provider-name="Michal">
  <requires>
    <import addon="xbmc.python" version="2.1.0"/>
	<import addon="script.module.urlresolver" version="3.0.15"/>
  </requires>
  <extension point="xbmc.python.pluginsource" library="addon.py">
    <provides>video</provides>
  </extension>
  <extension point="xbmc.addon.metadata">
    <summary lang="en">ekabaret</summary>
    <description lang="en">ekabaret</description>
    <disclaimer lang="en"></disclaimer>
    <language></language>
    <platform>all</platform>
    <license></license>
    <forum></forum>
    <website>https://github.com/ramicspa/kodi</website>
    <email>ramicspa@gmail.com</email>
    <source></source>
  </extension>
</addon>