<?xml version="1.0" encoding="UTF-8" standalone="yes"?>
<addon id="plugin.video.cdapl"
    version="1.7.0"
    name="CDAPL"
    provider-name="Michal">

<requires>
  <import addon="xbmc.python" version="2.1.0"/>
</requires>

<extension point="xbmc.python.pluginsource" library="main.py">
  <provides>video</provides>
</extension>

<extension point="xbmc.addon.metadata">
  <summary lang="en">CDAPL Kodi Video Plugin</summary>
  <description lang="en">cda.pl playlist</description>
  <disclaimer lang="en">private kodi addon</disclaimer>
  <platform>all</platform>
</extension>
</addon>