<?xml version="1.0" encoding="UTF-8"?>
<addon id="plugin.video.ekstraklasa" name="Ekstraklasa" version="1.8" provider-name="Michal">
  <requires>
    <import addon="xbmc.python" version="2.1.0"/>
    <import addon="script.module.urlresolver" version="3.0.15"/> 
  </requires>
  <extension point="xbmc.python.pluginsource" library="main.py">
    <provides>video</provides>
  </extension>
  <extension point="xbmc.addon.metadata">
    <summary lang="pl">Mecze ekstraklasy z dailymotion i nie tylko</summary>
    <description lang="en">Ekstraklasa</description>
    <language></language>
    <platform>all</platform>
    <license>GNU GENERAL PUBLIC LICENSE. Version 2, June 1991</license>
    <forum>https://github.com/ramicspa/kodi/issues</forum>
    <website>https://github.com/ramicspa/kodi</website>
    <email>ramicspa at gmail dot com</email>
    <assets>
        <icon>icon.png</icon>
        <fanart>fanart.jpg</fanart>
    </assets>
  <news>
1.8
- lechTV added
  </news>
  </extension>
</addon>