<?xml version="1.0" encoding="UTF-8"?>
<addon id="plugin.video.dmchannels" name="Dailymotion channels" version="1.4" provider-name="Michal">
  <requires>
    <import addon="xbmc.python" version="2.1.0"/>
    <import addon="script.module.urlresolver" version="3.0.15"/> 
  </requires>
  <extension point="xbmc.python.pluginsource" library="main.py">
    <provides>video</provides>
  </extension>
  <extension point="xbmc.addon.metadata">
  <summary lang="pl">Kanały użytkowników z Dailymotion</summary>
  <summary lang="fr">Chaînes utilisateurs Dailymotion</summary>
  <summary lang="en">Dailymotion user channels</summary>
  <description lang="pl">Wtyczka pozwala na przeglądanie zasobów video kanałów użytkowników serwisu.</description>
  <description lang="en">The addon allows to browse the content of the channels created by Dailymotion users.</description>
  <description lang="fr">L'addon permet de parcourir le contenu des chaînes créées par les utilisateurs de Dailymotion.</description>
  <disclaimer lang="en">A private use only. For bugs, requests or general questions visit my repository https://github.com/ramicspa/kodi</disclaimer>
  <language></language>
  <platform>all</platform>
  <license>GNU GENERAL PUBLIC LICENSE. Version 2, June 1991</license>
  <forum>https://github.com/ramicspa/kodi/issues</forum>
  <website>https://github.com/ramicspa/kodi</website>
  <email>ramicspa at gmail dot com</email>
  <assets>
    <icon>icon.png</icon>
    <fanart>fanart.jpg</fanart>
  </assets>
  <news>
link parser fixed
  </news>  
 </extension>
</addon>