[
  {
    "group": "", 
    "img": "http://itivi.pl/images/TVP1HD.jpg", 
    "title": "TVP 1 HD", 
    "tvid": "TVP 1 HD", 
    "url": "rtmp://app.itivi.pl/live/TVP1HD swfUrl=http://itivi.pl/js/jwplayer-7.0.3/jwplayer.flash.swf swfVfy=1 live=1 timeout=13 pageUrl=http://itivi.pl/program-telewizyjny/TVP_1_HD", 
    "urlepg": ""
  }, 
  {
    "group": "", 
    "img": "http://itivi.pl/images/TVP2HD.jpg", 
    "title": "TVP 2", 
    "tvid": "TVP 2", 
    "url": "rtmp://app.itivi.pl/live/TVP2HD swfUrl=http://itivi.pl/js/jwplayer-7.0.3/jwplayer.flash.swf swfVfy=1 live=1 timeout=13 pageUrl=http://itivi.pl/program-telewizyjny/TVP_2", 
    "urlepg": ""
  }, 
  {
    "group": "", 
    "img": "http://itivi.pl/images/NAT_GEO.png", 
    "title": "NATGEO PL", 
    "tvid": "NATGEO PL", 
    "url": "rtmp://app.itivi.pl/live/NATGEOHD swfUrl=http://itivi.pl/js/jwplayer-7.0.3/jwplayer.flash.swf swfVfy=1 live=1 timeout=13 pageUrl=http://itivi.pl/program-telewizyjny/NATGEO_PL", 
    "urlepg": ""
  }, 
  {
    "group": "", 
    "img": "http://itivi.pl/images/HBO_HD.png", 
    "title": "HBO HD", 
    "tvid": "HBO HD", 
    "url": "rtmp://app.itivi.pl/live/HBOHD swfUrl=http://itivi.pl/js/jwplayer-7.0.3/jwplayer.flash.swf swfVfy=1 live=1 timeout=13 pageUrl=http://itivi.pl/program-telewizyjny/HBO_HD", 
    "urlepg": ""
  }, 
  {
    "group": "", 
    "img": "http://itivi.pl/images/CANAL+SPORTHD.png", 
    "title": "CANAL SPORT", 
    "tvid": "CANAL SPORT", 
    "url": "rtmp://app.itivi.pl/live/SPORTHD swfUrl=http://itivi.pl/js/jwplayer-7.0.3/jwplayer.flash.swf swfVfy=1 live=1 timeout=13 pageUrl=http://itivi.pl/program-telewizyjny/CANAL_SPORT", 
    "urlepg": ""
  }, 
  {
    "group": "", 
    "img": "http://itivi.pl/images/FILMBOX.png", 
    "title": "FILMBOX PREMIUM", 
    "tvid": "FILMBOX PREMIUM", 
    "url": "rtmp://app.itivi.pl/live/FILMBOX swfUrl=http://itivi.pl/js/jwplayer-7.0.3/jwplayer.flash.swf swfVfy=1 live=1 timeout=13 pageUrl=http://itivi.pl/program-telewizyjny/FILMBOX_PREMIUM", 
    "urlepg": ""
  }, 
  {
    "group": "", 
    "img": "http://itivi.pl/images/EURO_SPORTHD.png", 
    "title": "EURO SPORT", 
    "tvid": "EURO SPORT", 
    "url": "rtmp://app.itivi.pl/live/EUROSPORT swfUrl=http://itivi.pl/js/jwplayer-7.0.3/jwplayer.flash.swf swfVfy=1 live=1 timeout=13 pageUrl=http://itivi.pl/program-telewizyjny/EURO_SPORT", 
    "urlepg": ""
  }, 
  {
    "group": "", 
    "img": "http://itivi.pl/images/MINI_MINI.png", 
    "title": "Mini Mini", 
    "tvid": "Mini Mini", 
    "url": "rtmp://app.itivi.pl/live/MINIMINIHD swfUrl=http://itivi.pl/js/jwplayer-7.0.3/jwplayer.flash.swf swfVfy=1 live=1 timeout=13 pageUrl=http://itivi.pl/program-telewizyjny/Mini_Mini", 
    "urlepg": ""
  }, 
  {
    "group": "", 
    "img": "http://itivi.pl/images/AXN_HD.png", 
    "title": "Axn HD", 
    "tvid": "Axn HD", 
    "url": " rtmp://app.itivi.pl/live/AXNHD swfUrl=http://itivi.pl/js/jwplayer-7.0.3/jwplayer.flash.swf swfVfy=1 live=1 timeout=13 pageUrl=http://itivi.pl/program-telewizyjny/Axn_HD", 
    "urlepg": ""
  }, 
  {
    "group": "", 
    "img": "http://itivi.pl/images/ESKAtv.jpg", 
    "title": "ESKA TV", 
    "tvid": "ESKA TV", 
    "url": "rtmp://stream.smcloud.net/live2/eskatv/eskatv_360p swfUrl=http://itivi.pl/js/jwplayer-7.0.3/jwplayer.flash.swf swfVfy=1 live=1 timeout=13 pageUrl=http://itivi.pl/program-telewizyjny/ESKA_TV", 
    "urlepg": ""
  }, 
  {
    "group": "", 
    "img": "http://itivi.pl/images/NATGEO_WILDHD.png", 
    "title": "NAT GEO WILD HD", 
    "tvid": "NAT GEO WILD HD", 
    "url": "rtmp://app.itivi.pl/live/WILDTV swfUrl=http://itivi.pl/js/jwplayer-7.0.3/jwplayer.flash.swf swfVfy=1 live=1 timeout=13 pageUrl=http://itivi.pl/program-telewizyjny/NAT_GEO_WILD_HD", 
    "urlepg": ""
  }, 
  {
    "group": "", 
    "img": "http://itivi.pl/images/PoloTV.jpg", 
    "title": "Polo TV", 
    "tvid": "Polo TV", 
    "url": "rtmp://stream.smcloud.net/live/polotv\t swfUrl=http://itivi.pl/js/jwplayer-7.0.3/jwplayer.flash.swf swfVfy=1 live=1 timeout=13 pageUrl=http://itivi.pl/program-telewizyjny/Polo_TV", 
    "urlepg": ""
  }, 
  {
    "group": "", 
    "img": "http://itivi.pl/images/PARTY_TV_ESKA.png", 
    "title": "ESKA PARTY!", 
    "tvid": "ESKA PARTY!", 
    "url": "rtmp://stream.smcloud.net/live2/eska_party/eska_party_360p\t swfUrl=http://itivi.pl/js/jwplayer-7.0.3/jwplayer.flash.swf swfVfy=1 live=1 timeout=13 pageUrl=http://itivi.pl/program-telewizyjny/ESKA_PARTY!", 
    "urlepg": ""
  }, 
  {
    "group": "", 
    "img": "http://itivi.pl/images/CzworkaRADIO.jpg", 
    "title": "CZWORKA POLSKIE RADIO LIVE", 
    "tvid": "CZWORKA POLSKIE RADIO LIVE", 
    "url": "rtmp://stream85.polskieradio.pl/video/czworka.sdp\t swfUrl=http://itivi.pl/js/jwplayer-7.0.3/jwplayer.flash.swf swfVfy=1 live=1 timeout=13 pageUrl=http://itivi.pl/program-telewizyjny/CZWORKA_POLSKIE_RADIO_LIVE", 
    "urlepg": ""
  }, 
  {
    "group": "", 
    "img": "http://itivi.pl/images/DISCOVERY_HISTORIA.png", 
    "title": "DISCOVERY HISTORY ", 
    "tvid": "DISCOVERY HISTORY ", 
    "url": "rtmp://app.itivi.pl/live/HOSTORIATV swfUrl=http://itivi.pl/js/jwplayer-7.0.3/jwplayer.flash.swf swfVfy=1 live=1 timeout=13 pageUrl=http://itivi.pl/program-telewizyjny/DISCOVERY_HISTORY_", 
    "urlepg": ""
  }, 
  {
    "group": "", 
    "img": "http://itivi.pl/images/VOX.png", 
    "title": "VOX ", 
    "tvid": "VOX ", 
    "url": "rtmp://stream.smcloud.net/live2/vox/vox_360p\t swfUrl=http://itivi.pl/js/jwplayer-7.0.3/jwplayer.flash.swf swfVfy=1 live=1 timeout=13 pageUrl=http://itivi.pl/program-telewizyjny/VOX_", 
    "urlepg": ""
  }, 
  {
    "group": "", 
    "img": "http://itivi.pl/images/CANAL+FILM.png", 
    "title": "canal film", 
    "tvid": "canal film", 
    "url": "rtmp://app.itivi.pl/live/CANALFILMHD swfUrl=http://itivi.pl/js/jwplayer-7.0.3/jwplayer.flash.swf swfVfy=1 live=1 timeout=13 pageUrl=http://itivi.pl/program-telewizyjny/canal_film", 
    "urlepg": ""
  }, 
  {
    "group": "", 
    "img": "http://itivi.pl/images/COMEDY_CENTRAL.png", 
    "title": "COMEDY CENTRAL ", 
    "tvid": "COMEDY CENTRAL ", 
    "url": "rtmp://app.itivi.pl/live/COMEDYCENTRAL swfUrl=http://itivi.pl/js/jwplayer-7.0.3/jwplayer.flash.swf swfVfy=1 live=1 timeout=13 pageUrl=http://itivi.pl/program-telewizyjny/COMEDY_CENTRAL_", 
    "urlepg": ""
  }, 
  {
    "group": "", 
    "img": "http://itivi.pl/images/polsatsport.jpg", 
    "title": "POLSAT SPORT HD", 
    "tvid": "POLSAT SPORT HD", 
    "url": "rtmp://app.itivi.pl/live/POLSATSPORTHD swfUrl=http://itivi.pl/js/jwplayer-7.0.3/jwplayer.flash.swf swfVfy=1 live=1 timeout=13 pageUrl=http://itivi.pl/program-telewizyjny/POLSAT_SPORT_HD", 
    "urlepg": ""
  }, 
  {
    "group": "", 
    "img": "http://itivi.pl/images/FOX_HD.png", 
    "title": "FOX HD ", 
    "tvid": "FOX HD ", 
    "url": "rtmp://app.itivi.pl/live/FOXHD swfUrl=http://itivi.pl/js/jwplayer-7.0.3/jwplayer.flash.swf swfVfy=1 live=1 timeout=13 pageUrl=http://itivi.pl/program-telewizyjny/FOX_HD_", 
    "urlepg": ""
  }, 
  {
    "group": "", 
    "img": "http://itivi.pl/images/TVP_HD.png", 
    "title": "TVP HD", 
    "tvid": "TVP HD", 
    "url": "rtmp://app.itivi.pl/live/TVPHD swfUrl=http://itivi.pl/js/jwplayer-7.0.3/jwplayer.flash.swf swfVfy=1 live=1 timeout=13 pageUrl=http://itivi.pl/program-telewizyjny/TVP_HD", 
    "urlepg": ""
  }, 
  {
    "group": "", 
    "img": "http://itivi.pl/images/DISCOVERYchannel.jpg", 
    "title": "Discovery Channel", 
    "tvid": "Discovery Channel", 
    "url": "rtmp://app.itivi.pl/live/DISCOVERYHD swfUrl=http://itivi.pl/js/jwplayer-7.0.3/jwplayer.flash.swf swfVfy=1 live=1 timeout=13 pageUrl=http://itivi.pl/program-telewizyjny/Discovery_Channel", 
    "urlepg": ""
  }, 
  {
    "group": "", 
    "img": "http://itivi.pl/images/fenix.jpg", 
    "title": "Fenix", 
    "tvid": "Fenix", 
    "url": "http://api-goldvod.tv.itivi.pl:8880/50.flv swfUrl=http://itivi.pl/js/jwplayer-7.0.3/jwplayer.flash.swf swfVfy=1 live=1 timeout=13 pageUrl=http://itivi.pl/program-telewizyjny/Fenix", 
    "urlepg": ""
  }, 
  {
    "group": "", 
    "img": "http://itivi.pl/images/perfekt.jpg", 
    "title": "Perfekcyjne siostry", 
    "tvid": "Perfekcyjne siostry", 
    "url": "http://api-goldvod.tv.itivi.pl:8880/51.flv swfUrl=http://itivi.pl/js/jwplayer-7.0.3/jwplayer.flash.swf swfVfy=1 live=1 timeout=13 pageUrl=http://itivi.pl/program-telewizyjny/Perfekcyjne_siostry", 
    "urlepg": ""
  }, 
  {
    "group": "", 
    "img": "http://itivi.pl/images/52t.jpg", 
    "title": "Ted2", 
    "tvid": "Ted2", 
    "url": "http://api-goldvod.tv.itivi.pl:8880/52.flv swfUrl=http://itivi.pl/js/jwplayer-7.0.3/jwplayer.flash.swf swfVfy=1 live=1 timeout=13 pageUrl=http://itivi.pl/program-telewizyjny/Ted2", 
    "urlepg": ""
  }, 
  {
    "group": "", 
    "img": "http://itivi.pl/images/zbl.jpg", 
    "title": "Zblizenia", 
    "tvid": "Zblizenia", 
    "url": "http://api-goldvod.tv.itivi.pl:8880/53.flv swfUrl=http://itivi.pl/js/jwplayer-7.0.3/jwplayer.flash.swf swfVfy=1 live=1 timeout=13 pageUrl=http://itivi.pl/program-telewizyjny/Zblizenia", 
    "urlepg": ""
  }, 
  {
    "group": "", 
    "img": "http://itivi.pl/images/Womangold.jpg", 
    "title": "Z\u0142ota dama", 
    "tvid": "Z\u0142ota dama", 
    "url": "http://api-goldvod.tv.itivi.pl:8880/54.flv swfUrl=http://itivi.pl/js/jwplayer-7.0.3/jwplayer.flash.swf swfVfy=1 live=1 timeout=13 pageUrl=http://itivi.pl/program-telewizyjny/Z\u0142ota_dama", 
    "urlepg": ""
  }, 
  {
    "group": "", 
    "img": "http://itivi.pl/images/jail.jpg", 
    "title": "Wi\u0119zienie w ogniu", 
    "tvid": "Wi\u0119zienie w ogniu", 
    "url": "http://api-goldvod.tv.itivi.pl:8880/55.flv swfUrl=http://itivi.pl/js/jwplayer-7.0.3/jwplayer.flash.swf swfVfy=1 live=1 timeout=13 pageUrl=http://itivi.pl/program-telewizyjny/Wi\u0119zienie_w_ogniu", 
    "urlepg": ""
  }, 
  {
    "group": "", 
    "img": "http://itivi.pl/images/holm.jpg", 
    "title": "Pan Holmes", 
    "tvid": "Pan Holmes", 
    "url": "http://api-goldvod.tv.itivi.pl:8880/56.flv swfUrl=http://itivi.pl/js/jwplayer-7.0.3/jwplayer.flash.swf swfVfy=1 live=1 timeout=13 pageUrl=http://itivi.pl/program-telewizyjny/Pan_Holmes", 
    "urlepg": ""
  }, 
  {
    "group": "", 
    "img": "http://itivi.pl/images/Secret_in_Their_Eyes_poster.jpg", 
    "title": "Sekret w ich oczach", 
    "tvid": "Sekret w ich oczach", 
    "url": "http://api-goldvod.tv.itivi.pl:8880/49.flv swfUrl=http://itivi.pl/js/jwplayer-7.0.3/jwplayer.flash.swf swfVfy=1 live=1 timeout=13 pageUrl=http://itivi.pl/program-telewizyjny/Sekret_w_ich_oczach", 
    "urlepg": ""
  }, 
  {
    "group": "", 
    "img": "http://itivi.pl/images/pad.jpg", 
    "title": "Paddington", 
    "tvid": "Paddington", 
    "url": "http://api-goldvod.tv.itivi.pl:8880/48.flv swfUrl=http://itivi.pl/js/jwplayer-7.0.3/jwplayer.flash.swf swfVfy=1 live=1 timeout=13 pageUrl=http://itivi.pl/program-telewizyjny/Paddington", 
    "urlepg": ""
  }, 
  {
    "group": "", 
    "img": "http://itivi.pl/images/perez.jpg", 
    "title": "Viktor Perez", 
    "tvid": "Viktor Perez", 
    "url": "http://api-goldvod.tv.itivi.pl:8880/47.flv swfUrl=http://itivi.pl/js/jwplayer-7.0.3/jwplayer.flash.swf swfVfy=1 live=1 timeout=13 pageUrl=http://itivi.pl/program-telewizyjny/Viktor_Perez", 
    "urlepg": ""
  }, 
  {
    "group": "", 
    "img": "http://itivi.pl/images/zbrodnia2.jpg", 
    "title": "Zbrodnia 2", 
    "tvid": "Zbrodnia 2", 
    "url": "http://api-goldvod.tv.itivi.pl:8880/45.flv swfUrl=http://itivi.pl/js/jwplayer-7.0.3/jwplayer.flash.swf swfVfy=1 live=1 timeout=13 pageUrl=http://itivi.pl/program-telewizyjny/Zbrodnia_2", 
    "urlepg": ""
  }, 
  {
    "group": "", 
    "img": "http://itivi.pl/images/spider.jpg", 
    "title": "Spiders Paj\u0105ki", 
    "tvid": "Spiders Paj\u0105ki", 
    "url": "http://api-goldvod.tv.itivi.pl:8880/45flv swfUrl=http://itivi.pl/js/jwplayer-7.0.3/jwplayer.flash.swf swfVfy=1 live=1 timeout=13 pageUrl=http://itivi.pl/program-telewizyjny/Spiders_Paj\u0105ki", 
    "urlepg": ""
  }, 
  {
    "group": "", 
    "img": "http://itivi.pl/images/wjr2.jpg", 
    "title": "Wkreceni 2", 
    "tvid": "Wkreceni 2", 
    "url": "http://api-goldvod.tv.itivi.pl:8880/43.flv swfUrl=http://itivi.pl/js/jwplayer-7.0.3/jwplayer.flash.swf swfVfy=1 live=1 timeout=13 pageUrl=http://itivi.pl/program-telewizyjny/Wkreceni_2", 
    "urlepg": ""
  }, 
  {
    "group": "", 
    "img": "http://itivi.pl/images/tomato.jpg", 
    "title": "TOMATOES", 
    "tvid": "TOMATOES", 
    "url": "http://api-goldvod.tv.itivi.pl:8880/42.flv swfUrl=http://itivi.pl/js/jwplayer-7.0.3/jwplayer.flash.swf swfVfy=1 live=1 timeout=13 pageUrl=http://itivi.pl/program-telewizyjny/TOMATOES", 
    "urlepg": ""
  }, 
  {
    "group": "", 
    "img": "http://itivi.pl/images/miasto44.jpg", 
    "title": "Miasto 44", 
    "tvid": "Miasto 44", 
    "url": "http://api-goldvod.tv.itivi.pl:8880/41.flv swfUrl=http://itivi.pl/js/jwplayer-7.0.3/jwplayer.flash.swf swfVfy=1 live=1 timeout=13 pageUrl=http://itivi.pl/program-telewizyjny/Miasto_44", 
    "urlepg": ""
  }, 
  {
    "group": "", 
    "img": "http://itivi.pl/images/late.jpg", 
    "title": "Late ", 
    "tvid": "Late ", 
    "url": "http://api-goldvod.tv.itivi.pl:8880/40.flv swfUrl=http://itivi.pl/js/jwplayer-7.0.3/jwplayer.flash.swf swfVfy=1 live=1 timeout=13 pageUrl=http://itivi.pl/program-telewizyjny/Late_", 
    "urlepg": ""
  }, 
  {
    "group": "", 
    "img": "http://itivi.pl/images/bartplan.jpg", 
    "title": "Plan bart", 
    "tvid": "Plan bart", 
    "url": "http://api-goldvod.tv.itivi.pl:8880/58.flv swfUrl=http://itivi.pl/js/jwplayer-7.0.3/jwplayer.flash.swf swfVfy=1 live=1 timeout=13 pageUrl=http://itivi.pl/program-telewizyjny/Plan_bart", 
    "urlepg": ""
  }, 
  {
    "group": "", 
    "img": "http://itivi.pl/images/mlod.jpg", 
    "title": "Mlodosc", 
    "tvid": "Mlodosc", 
    "url": "http://api-goldvod.tv.itivi.pl:8880/57.flv swfUrl=http://itivi.pl/js/jwplayer-7.0.3/jwplayer.flash.swf swfVfy=1 live=1 timeout=13 pageUrl=http://itivi.pl/program-telewizyjny/Mlodosc", 
    "urlepg": ""
  }, 
  {
    "group": "", 
    "img": "http://itivi.pl/images/huston.jpg", 
    "title": "Whitney", 
    "tvid": "Whitney", 
    "url": "http://api-goldvod.tv.itivi.pl:8880/59.flv swfUrl=http://itivi.pl/js/jwplayer-7.0.3/jwplayer.flash.swf swfVfy=1 live=1 timeout=13 pageUrl=http://itivi.pl/program-telewizyjny/Whitney", 
    "urlepg": ""
  }, 
  {
    "group": "", 
    "img": "http://itivi.pl/images/nowisgood.jpg", 
    "title": "Zanim umr\u0119", 
    "tvid": "Zanim umr\u0119", 
    "url": "http://api-goldvod.tv.itivi.pl:8880/1/10.flv swfUrl=http://itivi.pl/js/jwplayer-7.0.3/jwplayer.flash.swf swfVfy=1 live=1 timeout=13 pageUrl=http://itivi.pl/program-telewizyjny/Zanim_umr\u0119", 
    "urlepg": ""
  }, 
  {
    "group": "", 
    "img": "http://itivi.pl/images/jobs.jpg", 
    "title": "Jobs 2013", 
    "tvid": "Jobs 2013", 
    "url": "http://api-goldvod.tv.itivi.pl:8880/1/9.flv swfUrl=http://itivi.pl/js/jwplayer-7.0.3/jwplayer.flash.swf swfVfy=1 live=1 timeout=13 pageUrl=http://itivi.pl/program-telewizyjny/Jobs_2013", 
    "urlepg": ""
  }, 
  {
    "group": "", 
    "img": "http://itivi.pl/images/REUNION.jpg", 
    "title": "American Pie zjazd absolwent\u00f3w", 
    "tvid": "American Pie zjazd absolwent\u00f3w", 
    "url": "http://api-goldvod.tv.itivi.pl:8880/1/8.flv swfUrl=http://itivi.pl/js/jwplayer-7.0.3/jwplayer.flash.swf swfVfy=1 live=1 timeout=13 pageUrl=http://itivi.pl/program-telewizyjny/American_Pie_zjazd_absolwent\u00f3w", 
    "urlepg": ""
  }, 
  {
    "group": "", 
    "img": "http://itivi.pl/images/americanpie3.jpg", 
    "title": "American Pie 3 PL", 
    "tvid": "American Pie 3 PL", 
    "url": "http://api-goldvod.tv.itivi.pl:8880/1/3.flv swfUrl=http://itivi.pl/js/jwplayer-7.0.3/jwplayer.flash.swf swfVfy=1 live=1 timeout=13 pageUrl=http://itivi.pl/program-telewizyjny/American_Pie_3_PL", 
    "urlepg": ""
  }, 
  {
    "group": "", 
    "img": "http://itivi.pl/images/drygwar.jpg", 
    "title": "Kartel ", 
    "tvid": "Kartel ", 
    "url": "http://api-goldvod.tv.itivi.pl:8880/1/6.flv swfUrl=http://itivi.pl/js/jwplayer-7.0.3/jwplayer.flash.swf swfVfy=1 live=1 timeout=13 pageUrl=http://itivi.pl/program-telewizyjny/Kartel_", 
    "urlepg": ""
  }, 
  {
    "group": "", 
    "img": "http://itivi.pl/images/lasvegas.jpg", 
    "title": "Las Vegas ", 
    "tvid": "Las Vegas ", 
    "url": "http://api-goldvod.tv.itivi.pl:8880/1/5.flv swfUrl=http://itivi.pl/js/jwplayer-7.0.3/jwplayer.flash.swf swfVfy=1 live=1 timeout=13 pageUrl=http://itivi.pl/program-telewizyjny/Las_Vegas_", 
    "urlepg": ""
  }, 
  {
    "group": "", 
    "img": "http://itivi.pl/images/czlowiek.jpg", 
    "title": "Czlowiek ze stali", 
    "tvid": "Czlowiek ze stali", 
    "url": "http://api-goldvod.tv.itivi.pl:8880/1/4.flv swfUrl=http://itivi.pl/js/jwplayer-7.0.3/jwplayer.flash.swf swfVfy=1 live=1 timeout=13 pageUrl=http://itivi.pl/program-telewizyjny/Czlowiek_ze_stali", 
    "urlepg": ""
  }, 
  {
    "group": "", 
    "img": "http://itivi.pl/images/dzkc.jpg", 
    "title": "Dzie\u0144 doby kocham ci\u0119", 
    "tvid": "Dzie\u0144 doby kocham ci\u0119", 
    "url": "http://api-goldvod.tv.itivi.pl:8880 /1/3.flv\t swfUrl=http://itivi.pl/js/jwplayer-7.0.3/jwplayer.flash.swf swfVfy=1 live=1 timeout=13 pageUrl=http://itivi.pl/program-telewizyjny/Dzie\u0144_doby_kocham_ci\u0119", 
    "urlepg": ""
  }, 
  {
    "group": "", 
    "img": "http://itivi.pl/images/americanpie.jpg", 
    "title": "American Pie 1", 
    "tvid": "American Pie 1", 
    "url": "http://api-goldvod.tv.itivi.pl:8880/1/2.flv swfUrl=http://itivi.pl/js/jwplayer-7.0.3/jwplayer.flash.swf swfVfy=1 live=1 timeout=13 pageUrl=http://itivi.pl/program-telewizyjny/American_Pie_1", 
    "urlepg": ""
  }, 
  {
    "group": "", 
    "img": "http://itivi.pl/images/agnieszka.jpg", 
    "title": "Agnieszka", 
    "tvid": "Agnieszka", 
    "url": "http://api-goldvod.tv.itivi.pl:8880/1/1.flv swfUrl=http://itivi.pl/js/jwplayer-7.0.3/jwplayer.flash.swf swfVfy=1 live=1 timeout=13 pageUrl=http://itivi.pl/program-telewizyjny/Agnieszka", 
    "urlepg": ""
  }, 
  {
    "group": "", 
    "img": "http://itivi.pl/images/pitbull.jpg", 
    "title": "Pitbull. Nowe porz\u0105dki", 
    "tvid": "Pitbull. Nowe porz\u0105dki", 
    "url": "http://api-goldvod.tv.itivi.pl:8880/64.flv swfUrl=http://itivi.pl/js/jwplayer-7.0.3/jwplayer.flash.swf swfVfy=1 live=1 timeout=13 pageUrl=http://itivi.pl/program-telewizyjny/Pitbull._Nowe_porz\u0105dki", 
    "urlepg": ""
  }, 
  {
    "group": "", 
    "img": "http://itivi.pl/images/jem_and.jpg", 
    "title": "Jem i Hologramy ", 
    "tvid": "Jem i Hologramy ", 
    "url": "http://api-goldvod.tv.itivi.pl:8880/11Minut.flv swfUrl=http://itivi.pl/js/jwplayer-7.0.3/jwplayer.flash.swf swfVfy=1 live=1 timeout=13 pageUrl=http://itivi.pl/program-telewizyjny/Jem_i_Hologramy_", 
    "urlepg": ""
  }, 
  {
    "group": "", 
    "img": "http://itivi.pl/images/postrac.jpg", 
    "title": "Postrach nocy ", 
    "tvid": "Postrach nocy ", 
    "url": "http://api-goldvod.tv.itivi.pl:8880/62.flv swfUrl=http://itivi.pl/js/jwplayer-7.0.3/jwplayer.flash.swf swfVfy=1 live=1 timeout=13 pageUrl=http://itivi.pl/program-telewizyjny/Postrach_nocy_", 
    "urlepg": ""
  }, 
  {
    "group": "", 
    "img": "http://itivi.pl/images/wkreceni.jpg", 
    "title": "Wkr\u0119ceni", 
    "tvid": "Wkr\u0119ceni", 
    "url": "http://api-goldvod.tv.itivi.pl:8880/61.flv swfUrl=http://itivi.pl/js/jwplayer-7.0.3/jwplayer.flash.swf swfVfy=1 live=1 timeout=13 pageUrl=http://itivi.pl/program-telewizyjny/Wkr\u0119ceni", 
    "urlepg": ""
  }, 
  {
    "group": "", 
    "img": "http://itivi.pl/images/7632114.3.jpg", 
    "title": "Bogowie ", 
    "tvid": "Bogowie ", 
    "url": "http://api-goldvod.tv.itivi.pl:8880/60.flv swfUrl=http://itivi.pl/js/jwplayer-7.0.3/jwplayer.flash.swf swfVfy=1 live=1 timeout=13 pageUrl=http://itivi.pl/program-telewizyjny/Bogowie_", 
    "urlepg": ""
  }, 
  {
    "group": "", 
    "img": "http://itivi.pl/images/piesktory.jpg", 
    "title": "Pies kt\u00f3ry uratowa\u0142", 
    "tvid": "Pies kt\u00f3ry uratowa\u0142", 
    "url": "http://api-goldvod.tv.itivi.pl:8880/1/11.flv swfUrl=http://itivi.pl/js/jwplayer-7.0.3/jwplayer.flash.swf swfVfy=1 live=1 timeout=13 pageUrl=http://itivi.pl/program-telewizyjny/Pies_kt\u00f3ry_uratowa\u0142", 
    "urlepg": ""
  }, 
  {
    "group": "", 
    "img": "http://itivi.pl/images/lastsummer.jpg", 
    "title": "Last Summer", 
    "tvid": "Last Summer", 
    "url": "http://api-goldvod.tv.itivi.pl:8880/39.flv swfUrl=http://itivi.pl/js/jwplayer-7.0.3/jwplayer.flash.swf swfVfy=1 live=1 timeout=13 pageUrl=http://itivi.pl/program-telewizyjny/Last_Summer", 
    "urlepg": ""
  }, 
  {
    "group": "", 
    "img": "http://itivi.pl/images/taniec.jpg", 
    "title": "Taniec pustyni ", 
    "tvid": "Taniec pustyni ", 
    "url": "http://api-goldvod.tv.itivi.pl:8880/16.flv swfUrl=http://itivi.pl/js/jwplayer-7.0.3/jwplayer.flash.swf swfVfy=1 live=1 timeout=13 pageUrl=http://itivi.pl/program-telewizyjny/Taniec_pustyni_", 
    "urlepg": ""
  }, 
  {
    "group": "", 
    "img": "http://itivi.pl/images/czerwony.jpg", 
    "title": "Czerwony i niebieski", 
    "tvid": "Czerwony i niebieski", 
    "url": "http://api-goldvod.tv.itivi.pl:8880/15.flv swfUrl=http://itivi.pl/js/jwplayer-7.0.3/jwplayer.flash.swf swfVfy=1 live=1 timeout=13 pageUrl=http://itivi.pl/program-telewizyjny/Czerwony_i_niebieski", 
    "urlepg": ""
  }, 
  {
    "group": "", 
    "img": "http://itivi.pl/images/swi.jpg", 
    "title": "Swieta do poprawki ", 
    "tvid": "Swieta do poprawki ", 
    "url": "http://api-goldvod.tv.itivi.pl:8880/14.flv swfUrl=http://itivi.pl/js/jwplayer-7.0.3/jwplayer.flash.swf swfVfy=1 live=1 timeout=13 pageUrl=http://itivi.pl/program-telewizyjny/Swieta_do_poprawki_", 
    "urlepg": ""
  }, 
  {
    "group": "", 
    "img": "http://itivi.pl/images/coll.jpg", 
    "title": "Collette", 
    "tvid": "Collette", 
    "url": "http://api-goldvod.tv.itivi.pl:8880/13.flv swfUrl=http://itivi.pl/js/jwplayer-7.0.3/jwplayer.flash.swf swfVfy=1 live=1 timeout=13 pageUrl=http://itivi.pl/program-telewizyjny/Collette", 
    "urlepg": ""
  }, 
  {
    "group": "", 
    "img": "http://itivi.pl/images/casdyl.jpg", 
    "title": "Cas i dylan", 
    "tvid": "Cas i dylan", 
    "url": "http://api-goldvod.tv.itivi.pl:8880/1.flv swfUrl=http://itivi.pl/js/jwplayer-7.0.3/jwplayer.flash.swf swfVfy=1 live=1 timeout=13 pageUrl=http://itivi.pl/program-telewizyjny/Cas_i_dylan", 
    "urlepg": ""
  }, 
  {
    "group": "", 
    "img": "http://itivi.pl/images/bypass.jpg", 
    "title": "Bajpas ", 
    "tvid": "Bajpas ", 
    "url": "http://api-goldvod.tv.itivi.pl:8880/10.flv swfUrl=http://itivi.pl/js/jwplayer-7.0.3/jwplayer.flash.swf swfVfy=1 live=1 timeout=13 pageUrl=http://itivi.pl/program-telewizyjny/Bajpas_", 
    "urlepg": ""
  }, 
  {
    "group": "", 
    "img": "http://itivi.pl/images/blackmass.jpg", 
    "title": "Pakt z diablem", 
    "tvid": "Pakt z diablem", 
    "url": "http://api-goldvod.tv.itivi.pl:8880/9.flv swfUrl=http://itivi.pl/js/jwplayer-7.0.3/jwplayer.flash.swf swfVfy=1 live=1 timeout=13 pageUrl=http://itivi.pl/program-telewizyjny/Pakt_z_diablem", 
    "urlepg": ""
  }, 
  {
    "group": "", 
    "img": "http://itivi.pl/images/black.jpg", 
    "title": "Powrot do mlodosci", 
    "tvid": "Powrot do mlodosci", 
    "url": "http://api-goldvod.tv.itivi.pl:8880/8.flv swfUrl=http://itivi.pl/js/jwplayer-7.0.3/jwplayer.flash.swf swfVfy=1 live=1 timeout=13 pageUrl=http://itivi.pl/program-telewizyjny/Powrot_do_mlodosci", 
    "urlepg": ""
  }, 
  {
    "group": "", 
    "img": "http://itivi.pl/images/ashby.jpg", 
    "title": "Ashby 2015", 
    "tvid": "Ashby 2015", 
    "url": "http://api-goldvod.tv.itivi.pl:8880/7.flv swfUrl=http://itivi.pl/js/jwplayer-7.0.3/jwplayer.flash.swf swfVfy=1 live=1 timeout=13 pageUrl=http://itivi.pl/program-telewizyjny/Ashby_2015", 
    "urlepg": ""
  }, 
  {
    "group": "", 
    "img": "http://itivi.pl/images/bryg.jpg", 
    "title": "Brygada ponad prawem", 
    "tvid": "Brygada ponad prawem", 
    "url": "http://api-goldvod.tv.itivi.pl:8880/6.flv swfUrl=http://itivi.pl/js/jwplayer-7.0.3/jwplayer.flash.swf swfVfy=1 live=1 timeout=13 pageUrl=http://itivi.pl/program-telewizyjny/Brygada_ponad_prawem", 
    "urlepg": ""
  }, 
  {
    "group": "", 
    "img": "http://itivi.pl/images/Ana_Maria_in_Novela_Land_Poster.jpg", 
    "title": "Anna Maria w krainie telenoweli", 
    "tvid": "Anna Maria w krainie telenoweli", 
    "url": "http://api-goldvod.tv.itivi.pl:8880/5.flv swfUrl=http://itivi.pl/js/jwplayer-7.0.3/jwplayer.flash.swf swfVfy=1 live=1 timeout=13 pageUrl=http://itivi.pl/program-telewizyjny/Anna_Maria_w_krainie_telenoweli", 
    "urlepg": ""
  }, 
  {
    "group": "", 
    "img": "http://itivi.pl/images/Akill.jpg", 
    "title": " Killer Among Us", 
    "tvid": " Killer Among Us", 
    "url": "http://api-goldvod.tv.itivi.pl:8880/4.flv swfUrl=http://itivi.pl/js/jwplayer-7.0.3/jwplayer.flash.swf swfVfy=1 live=1 timeout=13 pageUrl=http://itivi.pl/program-telewizyjny/_Killer_Among_Us", 
    "urlepg": ""
  }, 
  {
    "group": "", 
    "img": "http://itivi.pl/images/iodzien.jpg", 
    "title": "O dzien za pozno, o dolara za malo", 
    "tvid": "O dzien za pozno, o dolara za malo", 
    "url": "http://api-goldvod.tv.itivi.pl:8880/3.flv swfUrl=http://itivi.pl/js/jwplayer-7.0.3/jwplayer.flash.swf swfVfy=1 live=1 timeout=13 pageUrl=http://itivi.pl/program-telewizyjny/O_dzien_za_pozno,_o_dolara_za_malo", 
    "urlepg": ""
  }, 
  {
    "group": "", 
    "img": "http://itivi.pl/images/4got.jpg", 
    "title": "4Got10", 
    "tvid": "4Got10", 
    "url": "http://api-goldvod.tv.itivi.pl:8880/2.flv swfUrl=http://itivi.pl/js/jwplayer-7.0.3/jwplayer.flash.swf swfVfy=1 live=1 timeout=13 pageUrl=http://itivi.pl/program-telewizyjny/4Got10", 
    "urlepg": ""
  }, 
  {
    "group": "", 
    "img": "http://itivi.pl/images/glowy.jpg", 
    "title": "Trojglowy rekin atakuje", 
    "tvid": "Trojglowy rekin atakuje", 
    "url": "http://api-goldvod.tv.itivi.pl:8880/1.flv swfUrl=http://itivi.pl/js/jwplayer-7.0.3/jwplayer.flash.swf swfVfy=1 live=1 timeout=13 pageUrl=http://itivi.pl/program-telewizyjny/Trojglowy_rekin_atakuje", 
    "urlepg": ""
  }, 
  {
    "group": "", 
    "img": "http://itivi.pl/images/spro.jpg", 
    "title": "Sprosny film", 
    "tvid": "Sprosny film", 
    "url": "http://api-goldvod.tv.itivi.pl:8880/17.flv swfUrl=http://itivi.pl/js/jwplayer-7.0.3/jwplayer.flash.swf swfVfy=1 live=1 timeout=13 pageUrl=http://itivi.pl/program-telewizyjny/Sprosny_film", 
    "urlepg": ""
  }, 
  {
    "group": "", 
    "img": "http://itivi.pl/images/oblak.jpg", 
    "title": "Oblakani", 
    "tvid": "Oblakani", 
    "url": "http://api-goldvod.tv.itivi.pl:8880/18.flv swfUrl=http://itivi.pl/js/jwplayer-7.0.3/jwplayer.flash.swf swfVfy=1 live=1 timeout=13 pageUrl=http://itivi.pl/program-telewizyjny/Oblakani", 
    "urlepg": ""
  }, 
  {
    "group": "", 
    "img": "http://itivi.pl/images/extin.jpg", 
    "title": "Czas wymierania", 
    "tvid": "Czas wymierania", 
    "url": "http://api-goldvod.tv.itivi.pl:8880/20.flv swfUrl=http://itivi.pl/js/jwplayer-7.0.3/jwplayer.flash.swf swfVfy=1 live=1 timeout=13 pageUrl=http://itivi.pl/program-telewizyjny/Czas_wymierania", 
    "urlepg": ""
  }, 
  {
    "group": "", 
    "img": "http://itivi.pl/images/3razysm.jpg", 
    "title": "3 razy smierc", 
    "tvid": "3 razy smierc", 
    "url": "http://api-goldvod.tv.itivi.pl:8880/38.flv swfUrl=http://itivi.pl/js/jwplayer-7.0.3/jwplayer.flash.swf swfVfy=1 live=1 timeout=13 pageUrl=http://itivi.pl/program-telewizyjny/3_razy_smierc", 
    "urlepg": ""
  }, 
  {
    "group": "", 
    "img": "http://itivi.pl/images/hensel.jpg", 
    "title": "Hansel i Gretel: Usma\u017ceni ", 
    "tvid": "Hansel i Gretel: Usma\u017ceni ", 
    "url": "http://api-goldvod.tv.itivi.pl:8880/37.flv swfUrl=http://itivi.pl/js/jwplayer-7.0.3/jwplayer.flash.swf swfVfy=1 live=1 timeout=13 pageUrl=http://itivi.pl/program-telewizyjny/Hansel_i_Gretel:_Usma\u017ceni_", 
    "urlepg": ""
  }, 
  {
    "group": "", 
    "img": "http://itivi.pl/images/pedal.jpg", 
    "title": "Pedagog", 
    "tvid": "Pedagog", 
    "url": "http://api-goldvod.tv.itivi.pl:8880/36.flv swfUrl=http://itivi.pl/js/jwplayer-7.0.3/jwplayer.flash.swf swfVfy=1 live=1 timeout=13 pageUrl=http://itivi.pl/program-telewizyjny/Pedagog", 
    "urlepg": ""
  }, 
  {
    "group": "", 
    "img": "http://itivi.pl/images/aaa.jpg", 
    "title": "TOP DOG", 
    "tvid": "TOP DOG", 
    "url": "http://api-goldvod.tv.itivi.pl:8880/35.flv swfUrl=http://itivi.pl/js/jwplayer-7.0.3/jwplayer.flash.swf swfVfy=1 live=1 timeout=13 pageUrl=http://itivi.pl/program-telewizyjny/TOP_DOG", 
    "urlepg": ""
  }, 
  {
    "group": "", 
    "img": "http://itivi.pl/images/Goodnight for Justice.jpg", 
    "title": "S\u0119dzia Goodnight", 
    "tvid": "S\u0119dzia Goodnight", 
    "url": "http://api-goldvod.tv.itivi.pl:8880/33.flv swfUrl=http://itivi.pl/js/jwplayer-7.0.3/jwplayer.flash.swf swfVfy=1 live=1 timeout=13 pageUrl=http://itivi.pl/program-telewizyjny/S\u0119dzia_Goodnight", 
    "urlepg": ""
  }, 
  {
    "group": "", 
    "img": "http://itivi.pl/images/goodkill.jpg", 
    "title": "Goo kill", 
    "tvid": "Goo kill", 
    "url": "http://api-goldvod.tv.itivi.pl:8880/34.flv swfUrl=http://itivi.pl/js/jwplayer-7.0.3/jwplayer.flash.swf swfVfy=1 live=1 timeout=13 pageUrl=http://itivi.pl/program-telewizyjny/Goo_kill", 
    "urlepg": ""
  }, 
  {
    "group": "", 
    "img": "http://itivi.pl/images/glass.jpg", 
    "title": "Glass", 
    "tvid": "Glass", 
    "url": "http://api-goldvod.tv.itivi.pl:8880/31.flv swfUrl=http://itivi.pl/js/jwplayer-7.0.3/jwplayer.flash.swf swfVfy=1 live=1 timeout=13 pageUrl=http://itivi.pl/program-telewizyjny/Glass", 
    "urlepg": ""
  }, 
  {
    "group": "", 
    "img": "http://itivi.pl/images/chcesie.jpg", 
    "title": "Chce sie rozwiesc", 
    "tvid": "Chce sie rozwiesc", 
    "url": "http://api-goldvod.tv.itivi.pl:8880/30.flv swfUrl=http://itivi.pl/js/jwplayer-7.0.3/jwplayer.flash.swf swfVfy=1 live=1 timeout=13 pageUrl=http://itivi.pl/program-telewizyjny/Chce_sie_rozwiesc", 
    "urlepg": ""
  }, 
  {
    "group": "", 
    "img": "http://itivi.pl/images/genere.jpg", 
    "title": "Generacja GAP", 
    "tvid": "Generacja GAP", 
    "url": "http://api-goldvod.tv.itivi.pl:8880/29.flv swfUrl=http://itivi.pl/js/jwplayer-7.0.3/jwplayer.flash.swf swfVfy=1 live=1 timeout=13 pageUrl=http://itivi.pl/program-telewizyjny/Generacja_GAP", 
    "urlepg": ""
  }, 
  {
    "group": "", 
    "img": "http://itivi.pl/images/freezer.jpg", 
    "title": "Freezer ", 
    "tvid": "Freezer ", 
    "url": "http://api-goldvod.tv.itivi.pl:8880/28.flv swfUrl=http://itivi.pl/js/jwplayer-7.0.3/jwplayer.flash.swf swfVfy=1 live=1 timeout=13 pageUrl=http://itivi.pl/program-telewizyjny/Freezer_", 
    "urlepg": ""
  }, 
  {
    "group": "", 
    "img": "http://itivi.pl/images/frank.jpg", 
    "title": "Frank", 
    "tvid": "Frank", 
    "url": "http://api-goldvod.tv.itivi.pl:8880/27.flv swfUrl=http://itivi.pl/js/jwplayer-7.0.3/jwplayer.flash.swf swfVfy=1 live=1 timeout=13 pageUrl=http://itivi.pl/program-telewizyjny/Frank", 
    "urlepg": ""
  }, 
  {
    "group": "", 
    "img": "http://itivi.pl/images/focus.jpg", 
    "title": "Focus", 
    "tvid": "Focus", 
    "url": "http://api-goldvod.tv.itivi.pl:8880/26.flv swfUrl=http://itivi.pl/js/jwplayer-7.0.3/jwplayer.flash.swf swfVfy=1 live=1 timeout=13 pageUrl=http://itivi.pl/program-telewizyjny/Focus", 
    "urlepg": ""
  }, 
  {
    "group": "", 
    "img": "http://itivi.pl/images/five.jpg", 
    "title": "Piec gwiazd", 
    "tvid": "Piec gwiazd", 
    "url": "http://api-goldvod.tv.itivi.pl:8880/24.flv swfUrl=http://itivi.pl/js/jwplayer-7.0.3/jwplayer.flash.swf swfVfy=1 live=1 timeout=13 pageUrl=http://itivi.pl/program-telewizyjny/Piec_gwiazd", 
    "urlepg": ""
  }, 
  {
    "group": "", 
    "img": "http://itivi.pl/images/falaognia.jpg", 
    "title": "Fala Ognia", 
    "tvid": "Fala Ognia", 
    "url": "http://api-goldvod.tv.itivi.pl:8880/23.flv swfUrl=http://itivi.pl/js/jwplayer-7.0.3/jwplayer.flash.swf swfVfy=1 live=1 timeout=13 pageUrl=http://itivi.pl/program-telewizyjny/Fala_Ognia", 
    "urlepg": ""
  }, 
  {
    "group": "", 
    "img": "http://itivi.pl/images/zeee.jpg", 
    "title": "Ze mna nie zginiesz", 
    "tvid": "Ze mna nie zginiesz", 
    "url": "http://api-goldvod.tv.itivi.pl:8880/21.flv swfUrl=http://itivi.pl/js/jwplayer-7.0.3/jwplayer.flash.swf swfVfy=1 live=1 timeout=13 pageUrl=http://itivi.pl/program-telewizyjny/Ze_mna_nie_zginiesz", 
    "urlepg": ""
  }, 
  {
    "group": "", 
    "img": "http://itivi.pl/images/11min.jpg", 
    "title": "11 MINUT ", 
    "tvid": "11 MINUT ", 
    "url": "http://api-goldvod.tv.itivi.pl:8880/11Minut.flv swfUrl=http://itivi.pl/js/jwplayer-7.0.3/jwplayer.flash.swf swfVfy=1 live=1 timeout=13 pageUrl=http://itivi.pl/program-telewizyjny/11_MINUT_", 
    "urlepg": ""
  }
]