<?xml version="1.0" encoding="UTF-8" standalone="yes"?>
<addon id="repository.ramic" name="Ramic Kodi Add-ons Repository" version="1.3.3" provider-name="Michal">
    <extension point="xbmc.addon.repository" name="Ramic Kodi Add-ons Repository">
        <dir>
            <info compressed="false">https://github.com/kawamic/speedy/raw/master/zips/addons.xml</info>
            <checksum>https://github.com/kawamic/speedy/raw/master/zips/addons.xml.md5</checksum>
            <datadir zip="true">https://github.com/kawamic/speedy/raw/master/zips/</datadir>
        </dir>
        <dir>
            <info compressed="false">http://www.ramic.ga/ramicspa/kodi/addons.xml</info>
            <checksum>http://www.ramic.ga/ramicspa/kodi/addons.xml.md5</checksum>
            <datadir zip="true">http://www.ramic.ga/ramicspa/kodi/zips/</datadir>
        </dir>
		<dir>
			<info compressed="false">http://raw.github.com/ramicspa/kodi/master/addons.xml</info>
			<checksum>http://raw.github.com/ramicspa/kodi/master/addons.xml.md5</checksum>
			<datadir zip="true">https://offshoregit.com/ramicspa/kodi/zips/</datadir>		
		</dir>	
    </extension>
    <extension point="xbmc.addon.metadata">
        <summary>Ramic Kodi Repository</summary>
        <summary lang="pl">Repozytorium wtyczek by Ramic</summary>
        <summary lang="en">Addons repository</summary>
        <description>Unofficial, private Addons repository.</description>
        <disclaimer>Repository has non-comercial nature. Just for fun</disclaimer>
        <disclaimer lang="pl">Zawartość repozytorium ma charakter niekomercyjny, tworzone dla zabawy.</disclaimer>
        <platform>all</platform>
        <website>https://github.com/ramicspa/kodi</website>
        <email>ramicspa at gmail dot com</email>
    </extension>
</addon>
