<window>
  <defaultcontrol></defaultcontrol>
  <coordinates>
    <system>1</system>
    <posx>0</posx>
    <posy>0</posy>
  </coordinates>
  <defaultcontrol>50</defaultcontrol>
  <animation effect="fade" time="250">WindowOpen</animation>
  <animation effect="fade" time="250">WindowClose</animation>
  <controls>
    <control type="group" id="60">
      <posx>100</posx>
      <posy>50</posy>
      <control type="image">
        <posx>0</posx>
        <posy>0</posy>
        <width>1090</width>
        <height>600</height>
        <texture border="40">default-panel.png</texture>
      </control>
      <!-- ** Required ** Do not change <id> or <type> -->

      <control type="image" >
        <description>page header tab icon</description>
        <posx>50</posx>
        <posy>15</posy>
        <width>200</width>
        <height>82</height>
        <texture>xcj_logo.png</texture>
      </control>
             
      <control type="label" id="100">
        <description>textarea</description>
        <posx>340</posx>
        <posy>60</posy>
        <width>220</width>
        <height>40</height>
        <font>font18</font>
        <textcolor>white</textcolor>
        <aligny>center</aligny>
        <align>center</align>
        <wrapmultiline>true</wrapmultiline>
        <label>Name</label>
      </control>
      
      <control type="label" id="101">
        <description>textarea</description>
        <posx>585</posx>
        <posy>60</posy>
        <width>220</width>
        <height>40</height>
        <font>font18</font>
        <textcolor>white</textcolor>
        <aligny>center</aligny>
        <align>center</align>
        <wrapmultiline>true</wrapmultiline>
        <label>Next Run</label>
      </control>
      
      <control type="label" id="102">
        <description>textarea</description>
        <posx>830</posx>
        <posy>60</posy>
        <width>220</width>
        <height>40</height>
        <font>font18</font>
        <textcolor>white</textcolor>
        <aligny>center</aligny>
        <align>center</align>
        <wrapmultiline>true</wrapmultiline>
        <label>Command</label>
      </control>
      <control type="group" id="50">
        <defaultcontrol>51</defaultcontrol>
        <description>Input Area</description>
        <posx>20</posx>
        <posy>100</posy>
        <width>350</width>
        
        <control type="label">
          <description>textarea</description>
          <posx>0</posx>
          <posy>10</posy>
          <width>200</width>
          <height>40</height>
          <font>font18</font>
          <textcolor>white</textcolor>
          <aligny>center</aligny>
          <align>left</align>
          <wrapmultiline>true</wrapmultiline>
          <label>Name:</label>
        </control>
        
        <control type="edit" id="51">
          <onright>120</onright>
          <onup>55</onup>
          <ondown>52</ondown>
          <description>edit control</description>
          <posx>20</posx>
          <posy>45</posy>
          <width>250</width>
          <height>35</height>
          <visible>true</visible>
          <aligny>left</aligny>
          <hinttext>Enter Name</hinttext>
          <font>font18</font>
          <textcolor>white</textcolor>
        </control>
        
        <control type="label">
          <description>textarea</description>
          <posx>0</posx>
          <posy>75</posy>
          <width>200</width>
          <height>40</height>
          <font>font18</font>
          <textcolor>white</textcolor>
          <aligny>center</aligny>
          <align>left</align>
          <wrapmultiline>true</wrapmultiline>
          <label>Command To Run:</label>
        </control>
        
        <control type="edit" id="52">
          <onright>120</onright>
          <onup>51</onup>
          <ondown>57</ondown>
          <description>edit control</description>
          <posx>20</posx>
          <posy>113</posy>
          <width>250</width>
          <height>35</height>
          <visible>true</visible>
          <aligny>left</aligny>
          <hinttext>Enter Command</hinttext>
          <font>font18</font>
          <textcolor>white</textcolor>
        </control>
        
        <control type="label">
          <description>textarea</description>
          <posx>0</posx>
          <posy>145</posy>
          <width>200</width>
          <height>40</height>
          <font>font18</font>
          <textcolor>white</textcolor>
          <aligny>center</aligny>
          <align>left</align>
          <wrapmultiline>true</wrapmultiline>
          <label>When To Run:</label>
        </control>
        
        <control type="edit" id="53">
          <onright>120</onright>
          <onup>52</onup>
          <ondown>54</ondown>
          <description>edit control</description>
          <posx>20</posx>
          <posy>180</posy>
          <width>250</width>
          <height>35</height>
          <visible>false</visible>
          <aligny>left</aligny>
          <hinttext>Enter Cron Time</hinttext>
          <font>font18</font>
          <textcolor>white</textcolor>
        </control>
        
        <control type="button" id="57">
          <onright>120</onright>
          <onup>52</onup>
          <ondown>54</ondown>
          <posx>20</posx>
          <posy>180</posy>
          <width>250</width>
          <height>35</height>
          <visible>true</visible>
          <aligny>left</aligny>
          <label>Enter Cron Time</label>
          <font>font18</font>
          <textcolor>white</textcolor>
          <colordiffuse>white</colordiffuse>
          <pulseonselect>True</pulseonselect>
        </control>
        
        <control type="radiobutton" id="54">
          <onright>120</onright>
          <onup>57</onup>
          <ondown>75</ondown>
          <posx>0</posx>
          <posy>220</posy>
          <aligny>center</aligny>
          <label>Show Notification:</label>
          <align>left</align>
          <height>40</height>
          <width>270</width>
          <font>font18</font>
          <textcolor>white</textcolor>
          <selected></selected>
        </control>
        
        <control type="group" id="75">
          <control type="button" id="55">
            <onright>120</onright>
            <onleft>56</onleft>
            <onup>54</onup>
            <ondown>51</ondown>
            <posx>140</posx>
            <posy>270</posy>
            <width>125</width>
            <aligny>center</aligny>
            <label>Add Job</label>
            <align>center</align>
            <height>40</height>
            <font>font18</font>
            <textcolor>white</textcolor>
            <selected>True</selected>
            <colordiffuse>white</colordiffuse>
            <pulseonselect>True</pulseonselect>
            <visible>!Control.IsVisible(76)</visible>
          </control>
          
          <control type="button" id="56">
            <onright>55</onright>
            <onleft>120</onleft>
            <onup>54</onup>
            <ondown>51</ondown>
            <posx>0</posx>
            <posy>270</posy>
            <width>125</width>
            <aligny>center</aligny>
            <label>Clear</label>
            <align>center</align>
            <height>40</height>
            <font>font18</font>
            <textcolor>white</textcolor>
            <selected>True</selected>
            <colordiffuse>white</colordiffuse>
            <pulseonselect>True</pulseonselect>
            <visible>!Control.IsVisible(76)</visible>
          </control>
          <control type="group" id="76">
            <control type="button" id="70">
              <onright>120</onright>
              <onleft>71</onleft>
              <onup>54</onup>
              <ondown>51</ondown>
              <posx>140</posx>
              <posy>270</posy>
              <width>125</width>
              <aligny>center</aligny>
              <label>Submit</label>
              <align>center</align>
              <height>40</height>
              <font>font18</font>
              <textcolor>white</textcolor>
              <selected>True</selected>
              <colordiffuse>white</colordiffuse>
              <pulseonselect>True</pulseonselect>
            </control>
            
            <control type="button" id="71">
              <onright>70</onright>
              <onleft>120</onleft>
              <onup>54</onup>
              <ondown>51</ondown>
              <posx>0</posx>
              <posy>270</posy>
              <width>125</width>
              <aligny>center</aligny>
              <label>Cancel</label>
              <align>center</align>
              <height>40</height>
              <font>font18</font>
              <textcolor>white</textcolor>
              <selected>True</selected>
              <colordiffuse>white</colordiffuse>
              <pulseonselect>True</pulseonselect>
            </control>
          </control>
        </control>
      </control>
      
      <control type="image">
        <posx>20</posx>
        <posy>110</posy>
        <width>300</width>
        <height>2</height>
        <texture>GMseparator.png</texture>
      </control>
      <control type="image">
        <posx>330</posx>
        <posy>110</posy>
        <width>750</width>
        <height>2</height>
        <texture>GMseparator.png</texture>
      </control>
      <control type="image">
        <posx>324</posx>
        <posy>65</posy>
        <width>2</width>
        <height>440</height>
        <texture>GMseparatorVertDotted.png</texture>
      </control>
      
      
      <control type="image">
        <posx>20</posx>
        <posy>510</posy>
        <width>1060</width>
        <height>2</height>
        <texture>GMseparator.png</texture>
      </control>
      <control type="image">
        <posx>20</posx>
        <posy>515</posy>
        <width>1060</width>
        <height>2</height>
        <texture>GMseparator.png</texture>
      </control>      
      <control type="image">
        <posx>20</posx>
        <posy>565</posy>
        <width>1060</width>
        <height>2</height>
        <texture>GMseparator.png</texture>
      </control> 
      <control type="image">
        <posx>20</posx>
        <posy>570</posy>
        <width>1060</width>
        <height>2</height>
        <texture>GMseparator.png</texture>
      </control>      

      <!-- ** Required ** Do not change <id> or <type> -->
      <control type="list" id="120">
        <onleft>50</onleft>
        <posx>330</posx>
        <posy>126</posy>
        <width>730</width>
        <height>380</height>
        <onleft>120</onleft>
        <onright>120</onright>
        <onup>110</onup>
        <ondown>110</ondown>
        <viewtype label="535">list</viewtype>
        <pagecontrol>121</pagecontrol>
        <scrolltime>200</scrolltime>
        <itemlayout height="38">
          <control type="image">
            <posx>0</posx>
            <posy>36</posy>
            <width>1040</width>
            <height>2</height>
            <texture border="10">default-list-nofocus.png</texture>
          </control>
          
          <control type="label">
            <posx>10</posx>
            <posy>0</posy>
            <width>230</width>
            <height>38</height>
            <font>font18</font>
            <aligny>center</aligny>
            <textcolor>white</textcolor>
            <selectedcolor>green</selectedcolor>
            <align>left</align>
            <info>ListItem.Label</info>
          </control>
          
          <control type="label">
            <posx>255</posx>
            <posy>0</posy>
            <width>230</width>
            <height>38</height>
            <font>font18</font>
            <aligny>center</aligny>
            <textcolor>white</textcolor>
            <selectedcolor>green</selectedcolor>
            <align>left</align>
            <info>ListItem.Label2</info>
          </control>
          
          <control type="label">
            <posx>495</posx>
            <posy>0</posy>
            <width>220</width>
            <height>38</height>
            <font>font18</font>
            <aligny>center</aligny>
            <textcolor>white</textcolor>
            <selectedcolor>green</selectedcolor>
            <align>left</align>
            <info>ListItem.Property(command)</info>
          </control>

        </itemlayout>
        <focusedlayout height="38">
          <control type="image">
            <posx>0</posx>
            <posy>0</posy>
            <width>1040</width>
            <height>38</height>
            <texture border="10">default-list-focus.png</texture>
            <visible>Control.HasFocus(120)</visible>
          </control>
          
          <control type="label">
            <posx>10</posx>
            <posy>0</posy>
            <width>230</width>
            <height>38</height>
            <font>font18</font>
            <aligny>center</aligny>
            <textcolor>white</textcolor>
            <selectedcolor>green</selectedcolor>
            <align>left</align>
            <info>ListItem.Label</info>
          </control>
          
          <control type="label">
            <posx>255</posx>
            <posy>0</posy>
            <width>230</width>
            <height>38</height>
            <font>font18</font>
            <aligny>center</aligny>
            <textcolor>white</textcolor>
            <selectedcolor>green</selectedcolor>
            <align>left</align>
            <info>ListItem.Label2</info>
          </control>
          
          <control type="label">
            <posx>495</posx>
            <posy>0</posy>
            <width>220</width>
            <height>38</height>
            <font>font18</font>
            <aligny>center</aligny>
            <textcolor>white</textcolor>
            <selectedcolor>green</selectedcolor>
            <align>left</align>
            <info>ListItem.Property(command)</info>
          </control>

        </focusedlayout>
      </control>
      <control type="group">
        <posx>1055</posx>
        <posy>126</posy>
        <control type="scrollbar" id="121">
          <description>scroll bar indicator for lists</description>
          <posx>0</posx>
          <posy>0</posy>
          <width>12</width>
          <height>380</height>
          <texturesliderbackground border="6">default-scroll_back.png</texturesliderbackground>
          <texturesliderbar border="6">default-scroll_mid.png</texturesliderbar>
          <texturesliderbarfocus border="6">default-scroll_mid.png</texturesliderbarfocus>
          <textureslidernib>-</textureslidernib>
          <textureslidernibfocus>-</textureslidernibfocus>
          <orientation>vertical</orientation>
          <showonepage>false</showonepage>
          <visible>Control.IsVisible(120)</visible>
        </control>
      </control>

    </control>
    
  </controls>
</window>
