<?xml version="1.0" encoding="UTF-8"?>
<addon id="plugin.video.ekstraklasa" name="Ekstraklasa" version="1.6" provider-name="Michal">
  <requires>
    <import addon="xbmc.python" version="2.1.0"/>
    <import addon="script.module.urlresolver" version="3.0.15"/> 
  </requires>
  <extension point="xbmc.python.pluginsource" library="main.py">
    <provides>video</provides>
  </extension>
  <extension point="xbmc.addon.metadata">
    <summary lang="pl">Mecze ekstraklasy z dailymotion i nie tylko</summary>
    <description lang="en">Ekstraklasa</description>
    <disclaimer lang="pl">testing</disclaimer>
    <language></language>
    <platform>all</platform>
    <license>GNU 2.0 - GENERAL PUBLIC LICENSE. Version 2, June 1991</license>
    <forum></forum>
    <website>https://github.com/ramicspa/kodi</website>
    <email>ramicspa@gmail.com</email>
    <source>https://github.com/ramicspa/kodi</source>
  </extension>
</addon>