<?xml version="1.0" encoding="UTF-8" standalone="yes"?>
<addon id="plugin.video.dreamvision" name="Dream Vision" version="1.0.1" provider-name="TheHiddenOne">
	<requires>
		<import addon="xbmc.python" version="2.1.0"/> 
		<import addon="script.module.urlresolver"/> 
        <import addon="script.module.requests" version="2.9.1"/>
	</requires>
	<extension point="xbmc.python.pluginsource" library="addon.py">
		<provides>video</provides>
	</extension>
	<extension point="xbmc.addon.metadata">
		<summary>Dream Vision</summary>
		<description>Dream Vision - w prezencie na swieta!</description>
		<platform>all</platform>
		<assets>
			<icon>resources/icons/icon.png</icon>
		</assets>
	</extension>
</addon>
