<?xml version="1.0" encoding="UTF-8" standalone="yes"?>
<addon id="repository.ramic" name="Ramic Kodi Add-ons Repository" version="1.2.0" provider-name="Michal">
    <extension point="xbmc.addon.repository" name="Ramic Kodi Add-ons Repository">
        <info compressed="false">https://offshoregit.com/ramicspa/kodi/addons.xml</info>
        <checksum>https://offshoregit.com/ramicspa/kodi/addons.xml.md5</checksum>
        <datadir zip="true">https://offshoregit.com/ramicspa/kodi/</datadir>
    </extension>
    <extension point="xbmc.addon.metadata">
        <summary>Ramic Kodi Repository</summary>
        <summary lang="pl">Repozytorium wtyczek by Ramic</summary>
        <summary lang="en">Addons repository</summary>
        <description>Unofficial, private Addons repository.</description>
        <disclaimer>Repository has non-comercial nature. Just for fun</disclaimer>
        <disclaimer lang="pl">Zawartość repozytorium ma charakter niekomercyjny, tworzone dla zabawy.</disclaimer>
        <platform>all</platform>
        <website>https://github.com/ramicspa/kodi</website>
        <email>ramicspa@gmail.com</email>
    </extension>
</addon>