<?xml version="1.0" encoding="UTF-8" standalone="yes"?>
<addon id="plugin.video.cdapl"
    version="1.0.0"
    name="CDAPL"
    provider-name="Michal">

<requires>
  <import addon="xbmc.python" version="2.24.0"/>
</requires>

<extension point="xbmc.python.pluginsource" library="main.py">
  <provides>video</provides>
</extension>

<extension point="xbmc.addon.metadata">
  <summary lang="en">CDAPL Kodi Video Plugin</summary>
  <description lang="en"></description>
  <disclaimer lang="en"></disclaimer>
  <platform>all</platform>
</extension>
</addon>