<?xml version="1.0" encoding="UTF-8" standalone="yes"?>
<addon id="repository.ramicspa" name="Ramic Kodi Add-ons" version="1.0.0" provider-name="Michal">
	<extension point="xbmc.addon.repository" name="Ramic Kodi Add-ons Repository">
		<info compressed="false">http://raw.github.com/ramicspa/kodi/master/addons.xml</info>
		<checksum>http://raw.github.com/ramicspa/kodi/master/addons.xml.md5</checksum>
		<datadir zip="true">https://raw.githubusercontent.com/ramicspa/kodi/master/zips/</datadir>
	</extension>
	<extension point="xbmc.addon.metadata">
		<summary>Ramic Kodi Add-ons</summary>
		<summary lang="pl">Wtyczki dla Kodi helix</summary>
		<description>Unofficial, private Addons repository.</description>
		<description lang="pl"> </description>
		<disclaimer>Repository has non-comercial nature.</disclaimer>
		<disclaimer lang="pl">Zawartosc repozytorium ma charakter niekomercyjny, tworzone dla zabawy.</disclaimer>
		<platform>all</platform>
	</extension>
</addon>