<?xml version="1.0" encoding="UTF-8"?>
<addon id="plugin.video.cdaonline"
version="1.7.4"
name="cda-online"
provider-name="Michal">
<requires>
  <import addon="xbmc.python" version="2.1.0"/>
  <import addon="script.module.urlresolver" version="3.0.15"/>
  <import addon="script.common.plugin.cache" version="2.5.5"/> 
</requires>
<extension point="xbmc.python.pluginsource" library="main.py">
  <provides>video</provides>
</extension>
<extension point="xbmc.addon.metadata">
  <summary lang="en">cda-online</summary>
  <description lang="en">Zasoby cda-online.pl</description>
  <disclaimer lang="en">A private use only. For bugs, requests or general questions visit my repository https://github.com/ramicspa/kodi</disclaimer>
  <language></language>
  <platform>all</platform>
  <license>GNU GENERAL PUBLIC LICENSE. Version 2, June 1991</license>
  <forum>https://github.com/ramicspa/kodi/issues</forum>
  <website>https://github.com/ramicspa/kodi</website>
  <email>ramicspa at gmail dot com</email>
  <source>https://github.com/ramicspa/kodi</source>
</extension>
</addon>
