<?xml version="1.0" encoding="UTF-8"?>
<addon 
    id="plugin.video.TVP.pl" 
    name="TVP.pl" 
    version="1.5.3" 
    provider-name="Michal">
  <requires>
    <import addon="xbmc.python" version="2.1.0"/>

  </requires>
  <extension point="xbmc.python.pluginsource" library="addon.py">
    <provides>video</provides>
  </extension>
  <extension point="xbmc.addon.metadata">
    <summary lang="en">...</summary>
    <description lang="en">Zasoby tvp.pl oraz vod.tvp.pl</description>
    <disclaimer lang="en"></disclaimer>
    <language></language>
    <platform>all</platform>
    <license></license>
    <forum></forum>
    <website></website>
    <email></email>
    <source></source>
  </extension>
</addon>