<?xml version="1.0" encoding="UTF-8" standalone="yes"?>
<addon id="plugin.video.cdapl"
    version="1.7.7"
    name="cda.pl"
    provider-name="Michal">

<requires>
  <import addon="xbmc.python" version="2.1.0"/>
  <import addon="script.common.plugin.cache" version="2.5.5"/> 
</requires>

<extension point="xbmc.python.pluginsource" library="main.py">
  <provides>video</provides>
</extension>

<extension point="xbmc.addon.metadata">
  <summary lang="en">CDAPL Kodi Video Plugin</summary>
  <description lang="en">cda.pl playlist</description>
  <disclaimer lang="en">private kodi addon</disclaimer>
  <platform>all</platform>
  <language></language>
  <license></license>
  <forum></forum>
  <website>https://github.com/ramicspa/kodi</website>
  <email>ramicspa@gmail.com</email>
  <source></source>  
</extension>
</addon>