<?xml version="1.0" encoding="UTF-8"?>
<addon 
	id="plugin.video.LivePolishTV" 
	name="LivePolishTV" 
	version="1.7.8" 
	provider-name="Michal">
  <requires>
    <import addon="xbmc.python" version="2.1.0"/>
</requires>
  <extension point="xbmc.python.pluginsource" library="addon.py">
  
 <provides>video</provides>
  </extension>
  <extension point="xbmc.addon.metadata">
    <summary lang="en">Live Polish TV </summary>
    <description lang="en">Live Polish TV</description>
    <disclaimer lang="en"></disclaimer>
    <language></language>
    <platform>all</platform>
    <license></license>
    <forum></forum>
    <website>https://github.com/ramicspa/kodi</website>
    <email>ramicspa@gmail.com</email>
  </extension>
</addon>