<?xml version="1.0" encoding="UTF-8"?>
<addon id="plugin.video.freedisc.pl" version="1.0" name="freedisc" provider-name="Michal">
<requires>
  <import addon="xbmc.python" version="2.1.0"/>
  <import addon="script.common.plugin.cache" version="2.5.5"/> 
</requires>
<extension point="xbmc.python.pluginsource" library="main.py">
  <provides>video</provides>
</extension>
<extension point="xbmc.addon.metadata">
  <summary lang="en">freedisc</summary>
  <description lang="en">freedisc</description>
  <disclaimer lang="en">private use</disclaimer>
  <language></language>
  <platform>all</platform>
  <license></license>
  <forum></forum>
  <website>https://github.com/ramicspa/kodi</website>
  <email>ramicspa@gmail.com</email>
  <source></source>
</extension>
</addon>
