<?xml version="1.0" encoding="UTF-8"?>
<addon 
    id="plugin.video.LivePolishTV" 
    name="LivePolishTV" 
    version="1.7.29" 
    provider-name="Michal">
  <requires>
    <import addon="xbmc.python" version="2.1.0"/>
</requires>
  <extension point="xbmc.python.pluginsource" library="addon.py">
  
 <provides>video</provides>
  </extension>
  <extension point="xbmc.addon.metadata">
    <summary lang="en">Live Polish TV </summary>
    <description lang="en">Live Polish TV</description>
    <disclaimer lang="en"></disclaimer>
    <language></language>
    <platform>all</platform>
    <license></license>
    <forum></forum>
    <website>https://github.com/ramicspa/kodi</website>
    <email>ramicspa@gmail.com</email>
  <assets>
    <icon>icon.png</icon>
    <fanart>fanart.jpg</fanart>
    <screenshot>resources/iklub.png</screenshot>
    <screenshot>resources/itivi.png</screenshot>
  </assets>
  <news>
looknijin and itivi fixed
tele-wizja 2 m3u
  </news>    
  </extension>
</addon>