<?xml version="1.0" encoding="UTF-8" standalone="yes"?>
<addon id="repository.ramicspa" name="Ramic Kodi Add-ons" version="1.0.1" provider-name="Michal">
	<extension point="xbmc.addon.repository" name="Ramic Kodi Add-ons Repository">
		<info compressed="false">https://github.com/ramicspa/kodi/tree/master/helix/addons.xml</info>
		<checksum>https://github.com/ramicspa/kodi/tree/master/helix/addons.xml.md5</checksum>
		<datadir zip="false">https://github.com/ramicspa/kodi/tree/master/helix</datadir>
	</extension>
	<extension point="xbmc.addon.metadata">
		<summary>Ramic Kodi Add-ons</summary>
		<summary lang="pl">Wtyczki dla Kodi helix</summary>
		<description>Unofficial, private Addons repository.</description>
		<description lang="pl">Wtyczki z nieoficjalnego, repozytorium polskiego mrknow.pl..</description>
		<disclaimer>Repository has non-comercial nature. Created by enthusiasts, acting in good faith.</disclaimer>
		<disclaimer lang="pl">ZawartoA�ć repozytorium ma charakter niekomercyjny, tworzone dla zabawy.</disclaimer>
		<platform>all</platform>
	</extension>
</addon>