<?xml version="1.0" encoding="UTF-8" standalone="yes"?>
<addon id="repository.ramic" name="Ramic Kodi Add-ons" version="1.0.1" provider-name="Michal">
	<extension point="xbmc.addon.repository" 
				name="Ramic Kodi Add-ons Repository">
		<info compressed="false">https://github.com/ramicspa/kodi/tree/master/helix/addons.xml</info>
		<checksum>https://github.com/ramicspa/kodi/tree/master/helix/addons.xml.md5</checksum>
		<datadir zip="false">https://github.com/ramicspa/kodi/tree/master/helix</datadir>
	</extension>
	<extension point="xbmc.addon.metadata">
		<summary>Ramic Kodi Add-ons</summary>
		<summary lang="pl">Wtyczki dla Kodi helix</summary>
		<description>Unofficial, private Addons repository.</description>
		<description lang="pl">Prywatne wtyczki dla Kodi Helix</description>
		<disclaimer>Repository has non-comercial nature.</disclaimer>
		<disclaimer lang="pl">Zawartosc repozytorium ma charakter niekomercyjny.</disclaimer>
		<platform>all</platform>
	</extension>
</addon>