<?xml version="1.0" encoding="UTF-8"?>
<addon 
	id="plugin.video.LivePolishTV" 
	name="LivePolishTV" 
	version="1.3.1" 
	provider-name="Michal">
  <requires>
    <import addon="xbmc.python" version="2.1.0"/>
 </requires>
  <extension point="xbmc.python.pluginsource" library="addon.py">

    <provides>video</provides>
  </extension>
  <extension point="xbmc.addon.metadata">
    <summary lang="en">...</summary>
    <description lang="en">Live Polish TV</description>
    <disclaimer lang="en"></disclaimer>
    <language></language>
    <platform>all</platform>
    <license></license>
    <forum></forum>
    <website></website>
    <email></email>
    <source></source>
  </extension>
</addon>