﻿<?xml version="1.0" encoding="UTF-8" standalone="yes"?>
<addon id="repository.podpis" name="Podpis Kodi Add-ons Repository" version="1.4.0" provider-name="Podpis">
    <extension point="xbmc.addon.repository" name="podpis Kodi Add-ons Repository">
        <dir>
            <info compressed="false">https://raw.githubusercontent.com/podpis/kodi/master/addons.xml</info>
            <checksum>https://raw.githubusercontent.com/podpis/kodi/master/addons.xml.md5</checksum>
            <datadir zip="true">https://github.com/podpis/kodi/tree/master/zips</datadir>
        </dir>
    </extension>
    <extension point="xbmc.addon.metadata">
        <summary>Podpis Kodi Repository</summary>
        <summary lang="pl">Repozytorium wtyczek by Podpis</summary>
        <summary lang="en">Addons repository</summary>
        <description>Unofficial, private Addons repository.</description>
        <disclaimer>Repository has non-comercial nature. Just for fun.</disclaimer>
        <disclaimer lang="pl">Zawartość repozytorium ma charakter niekomercyjny, jest tworzone dla zabawy.</disclaimer>
        <platform>all</platform>
        <website>https://github.com/podpis/kodi</website>
        <email></email>
    </extension>
</addon>
