<?xml version="1.0" encoding="UTF-8" standalone="yes"?>
<addon id="plugin.video.mmtv"
       name="mmtv"
       version="1.0"
       provider-name="Michal">
  <requires>
    <import addon="xbmc.python" version="2.1.0"/>

  </requires>
  <extension point="xbmc.python.pluginsource"
            library="default.py">
        <provides>video</provides>
  </extension>
  <extension point="xbmc.addon.metadata">
    <summary>serwis: mmtv.pl</summary>
    <description>based on [COLOR blue]Wtyczka MRKNOW[/COLOR]</description>
    <platform>all</platform>
    <website>https://github.com/ramicspa/kodi</website>
    <email>ramicspa@gmail.com</email>    
  </extension>
</addon>
