<?xml version="1.0" encoding="UTF-8" standalone="yes"?>
<addon id="service.cronxbmc"
    name="Cron" version="0.0.4" provider-name="robweber,Kr0nZ">
  <requires>
    <import addon="xbmc.python" version="2.19.0"/>
  </requires>
  <extension point="xbmc.python.script" library="gui.py"> 
     <provides>executable</provides> 
  </extension> 
  <extension point="xbmc.service" library="service.py" start="login" />
  <extension point="xbmc.python.module" library="resources/lib" />
  <extension point="xbmc.addon.metadata">
    <summary lang="en">A customizable Cron timer for Kodi. It can also display notifications when your tasks run. </summary>
    <description lang="en">Create cron timers for Kodi functions. This addon can schedule and run any built-in Kodi functions. No more reliance on add-on developers to allow for "timer" functionality, no more scripts running on other machines to send commands to your HTPC. All of your timers can now be handled directly within Kodi.  </description>
    <platform>all</platform>
  </extension>
</addon>
