<?xml version="1.0" encoding="UTF-8"?>
<addon id="plugin.video.serialosypl" version="1.0" name="serialosy.pl" provider-name="Michal">
<requires>
  <import addon="xbmc.python" version="2.1.0"/>
  <import addon="script.mrknow.urlresolver" />
</requires>

<extension point="xbmc.python.pluginsource" library="main.py">
  <provides>video</provides>
</extension>

<extension point="xbmc.addon.metadata">
  <summary lang="en">Serialosy.pl</summary>
  <description lang="en">Serialosy.pl</description>
  <disclaimer lang="en">A private use only. For bugs, requests or general questions visit my repository https://github.com/ramicspa/kodi</disclaimer>
  <language></language>
  <platform>all</platform>
  <license>GNU GENERAL PUBLIC LICENSE. Version 2, June 1991</license>
  <forum>https://github.com/ramicspa/kodi/issues</forum>
  <website>https://github.com/ramicspa/kodi</website>
  <email>ramicspa at gmail dot com</email>
  <assets>
    <icon>icon.png</icon>
    <fanart>fanart.jpg</fanart>
  </assets>
  <news>
  </news>
</extension>
</addon>
