<?xml version="1.0" encoding="UTF-8"?>
<addon id="plugin.video.CinemaHD" version="1.2" name="CinemaHD" provider-name="Michal">
<requires>
    <import addon="xbmc.python" version="2.1.0"/>
    <import addon="script.module.urlresolver" version="3.0.20"/>
</requires>
<extension point="xbmc.python.pluginsource" library="main.py">
    <provides>video</provides>
</extension>

<extension point="xbmc.addon.metadata">
  <summary lang="en">CinemaHD</summary>
  <description lang="en">CinemaHD</description>
  <disclaimer lang="en">A private use only.</disclaimer>
  <language></language>
  <platform>all</platform>
  <license>GNU GENERAL PUBLIC LICENSE. Version 2, June 1991</license>
  <forum></forum>
  <website></website>
  <email></email>
  <assets>
    <icon>icon.png</icon>
    <fanart>fanart.jpg</fanart>
  </assets>
  <news>
</news>
</extension>
</addon>
